{"cameraMode":{"drawMode":0,"name":"Shaded","section":"Shading Mode"},"sceneLighting":true,"audioPlay":false,"sceneViewState":{"showFog":true,"showMaterialUpdate":false,"showSkybox":true,"showFlares":true,"showImageEffects":true,"showParticleSystems":true},"in2DMode":false,"pivot":{"x":12.315669059753418,"y":13.060001373291016,"z":6.34182071685791},"rotation":{"x":0.0044974698685109619,"y":0.03359514847397804,"z":-0.00015120700118131936,"w":0.9994254112243652},"size":143.41712951660157,"orthographic":false}